node_88,2950.00,1300.00
node_89,2775.00,1125.00
node_197,3525.00,2200.00
node_110,4275.00,3050.00
node_111,4275.00,3625.00
node_112,4275.00,2925.00
node_113,4800.00,2925.00
node_114,5125.00,2925.00
node_90,2775.00,900.00
node_61s,3175.00,1300.00
node_91,2550.00,1125.00
node_92,2550.00,825.00
node_93,2325.00,1125.00
node_94,2325.00,850.00
node_95,2025.00,1125.00
node_96,2025.00,925.00
node_97,3525.00,2100.00
node_98,3800.00,2100.00
node_10,1450.00,2150.00
node_99,4350.00,2100.00
node_11,950.00,2150.00
node_12,1200.00,1275.00
node_13,1500.00,1500.00
node_14,1200.00,2150.00
node_15,1500.00,1250.00
node_16,1500.00,875.00
node_17,1850.00,1250.00
node_18,1500.00,2325.00
node_19,1250.00,2325.00
node_160r,3175.00,1850.00
node_1,700.00,1500.00
node_2,700.00,1675.00
node_3,700.00,1250.00
node_4,700.00,1050.00
node_5,1025.00,1250.00
node_6,1275.00,1150.00
node_7,1000.00,1500.00
node_8,1200.00,1500.00
node_9,1200.00,1725.00
node_20,925.00,2325.00
node_21,1500.00,2625.00
node_22,975.00,2625.00
node_23,1500.00,2875.00
node_24,950.00,2875.00
node_25,1500.00,3150.00
node_26,1150.00,3150.00
node_27,875.00,3150.00
node_28,1500.00,3350.00
node_29,1500.00,3650.00
node_250,2050.00,3650.00
node_135,1600.00,2325.00
node_9r,1200.00,1725.00
node_30,1850.00,3650.00
node_31,1150.00,3375.00
node_32,1150.00,3675.00
node_33,875.00,3650.00
node_34,1500.00,1350.00
node_35,1975.00,2325.00
node_36,2075.00,2000.00
node_37,1775.00,2000.00
node_38,2325.00,2000.00
node_39,2650.00,2000.00
node_150r,100.00,1500.00
node_300,3245.00,4010.00
node_149,300.00,1500.00
node_40,1975.00,2575.00
node_41,2300.00,2575.00
node_42,1975.00,2825.00
node_43,2475.00,2825.00
node_44,1975.00,3025.00
node_45,2175.00,3025.00
node_46,2475.00,3025.00
node_47,1975.00,3275.00
node_48,1825.00,3275.00
node_49,2225.00,3275.00
node_150,100.00,1500.00
node_151,3187.00,3928.00
node_152,1600.00,1500.00
node_25r,1500.00,3150.00
node_50,2475.00,3275.00
node_51,2725.00,3275.00
node_52,2000.00,1500.00
node_53,2200.00,1500.00
node_54,2325.00,1500.00
node_55,2600.00,1500.00
node_56,2875.00,1500.00
node_57,2325.00,1850.00
node_58,2075.00,1850.00
node_59,1825.00,1850.00
node_160,3175.00,1850.00
node_60,3075.00,1850.00
node_61,3075.00,1300.00
node_62,3075.00,2100.00
node_63,3075.00,2275.00
node_64,3075.00,2625.00
node_65,2650.00,2625.00
node_66,2650.00,2300.00
node_67,3525.00,1850.00
node_68,3725.00,1850.00
node_69,4000.00,1850.00
node_450,5450.00,2100.00
node_610,3275.00,1300.00
node_70,4325.00,1850.00
node_71,4600.00,1850.00
node_72,3525.00,1575.00
node_73,3800.00,1575.00
node_74,4150.00,1575.00
node_75,4550.00,1575.00
node_76,3525.00,1375.00
node_77,3925.00,1375.00
node_78,4025.00,1375.00
node_79,4250.00,1375.00
node_100,4650.00,2100.00
node_101,3525.00,2450.00
node_102,3750.00,2450.00
node_103,4075.00,2450.00
node_104,4775.00,2450.00
node_105,3525.00,2725.00
node_106,3750.00,2725.00
node_80,4025.00,900.00
node_107,4325.00,2725.00
node_108,3525.00,3050.00
node_81,4025.00,425.00
node_109,3975.00,3050.00
node_82,4025.00,175.00
node_83,4275.00,175.00
node_84,4700.00,425.00
node_85,4700.00,900.00
node_86,3255.00,725.00
node_87,3050.00,1125.00
sourcebus,50.00,1450.00
rootbus,75.00,1475.00
cap_c88a,2952.00,1302.00
cap_c90b,2777.00,902.00
cap_c92c,2552.00,827.00
cap_c83,4277.00,177.00
s_node_1_a,650.00,1550.00
s_node_2_b,750.00,1725.00
s_node_4_c,750.00,1000.00
s_node_5_c,1075.00,1200.00
s_node_6_c,1325.00,1100.00
s_node_7_a,950.00,1550.00
s_node_9_a,1150.00,1775.00
s_node_10_a,1400.00,2200.00
s_node_11_a,900.00,2200.00
s_node_12_b,1250.00,1325.00
s_node_16_c,1550.00,825.00
s_node_17_c,1900.00,1200.00
s_node_19_a,1200.00,2375.00
s_node_20_a,875.00,2375.00
s_node_22_b,1025.00,2675.00
s_node_24_c,1000.00,2825.00
s_node_28_a,1450.00,3400.00
s_node_29_a,1450.00,3700.00
s_node_30_c,1900.00,3600.00
s_node_31_c,1200.00,3325.00
s_node_32_c,1200.00,3625.00
s_node_33_a,825.00,3700.00
s_node_34_c,1550.00,1300.00
s_node_35_a,1925.00,2375.00
s_node_37_a,1725.00,2050.00
s_node_38_b,2375.00,2050.00
s_node_39_b,2700.00,2050.00
s_node_41_c,2350.00,2525.00
s_node_42_a,1925.00,2875.00
s_node_43_b,2525.00,2875.00
s_node_45_a,2125.00,3075.00
s_node_46_a,2425.00,3075.00
s_node_47_a,1925.00,3325.00
s_node_47_b,2025.00,3325.00
s_node_47_c,2025.00,3225.00
s_node_48_a,1775.00,3325.00
s_node_48_b,1875.00,3325.00
s_node_48_c,1875.00,3225.00
s_node_49_a,2175.00,3325.00
s_node_49_b,2275.00,3325.00
s_node_49_c,2275.00,3225.00
s_node_50_c,2525.00,3225.00
s_node_51_a,2675.00,3325.00
s_node_52_a,1950.00,1550.00
s_node_53_a,2150.00,1550.00
s_node_55_a,2550.00,1550.00
s_node_56_b,2925.00,1550.00
s_node_58_b,2125.00,1900.00
s_node_59_b,1875.00,1900.00
s_node_61_a,3025.00,1350.00
s_node_62_c,3125.00,2050.00
s_node_63_a,3025.00,2325.00
s_node_64_b,3125.00,2675.00
s_node_65_a,2600.00,2675.00
s_node_65_b,2700.00,2675.00
s_node_65_c,2700.00,2575.00
s_node_66_c,2700.00,2250.00
s_node_68_a,3675.00,1900.00
s_node_69_a,3950.00,1900.00
s_node_70_a,4275.00,1900.00
s_node_71_a,4550.00,1900.00
s_node_73_c,3850.00,1525.00
s_node_74_c,4200.00,1525.00
s_node_75_c,4600.00,1525.00
s_node_76_a,3475.00,1425.00
s_node_76_b,3575.00,1425.00
s_node_76_c,3575.00,1325.00
s_node_77_b,3975.00,1425.00
s_node_79_a,4200.00,1425.00
s_node_80_b,4075.00,950.00
s_node_82_a,3975.00,225.00
s_node_83_c,4325.00,125.00
s_node_84_c,4750.00,375.00
s_node_85_c,4750.00,850.00
s_node_86_b,3305.00,775.00
s_node_87_b,3100.00,1175.00
s_node_88_a,2900.00,1350.00
s_node_90_b,2825.00,950.00
s_node_92_c,2600.00,775.00
s_node_94_a,2275.00,900.00
s_node_95_b,2075.00,1175.00
s_node_96_b,2075.00,975.00
s_node_98_a,3750.00,2150.00
s_node_99_b,4400.00,2150.00
s_node_100_c,4700.00,2050.00
s_node_102_c,3800.00,2400.00
s_node_103_c,4125.00,2400.00
s_node_104_c,4825.00,2400.00
s_node_106_b,3800.00,2775.00
s_node_107_b,4375.00,2775.00
s_node_109_a,3925.00,3100.00
s_node_111_a,4225.00,3675.00
s_node_112_a,4225.00,2975.00
s_node_113_a,4750.00,2975.00
s_node_114_a,5075.00,2975.00
house_agg_0_A_1_node_1_1,675.00,1550.00
house_agg_0_A_2_node_1_2,674.69,1553.91
house_agg_0_A_3_node_1_3,673.78,1557.73
house_agg_0_A_4_node_1_4,672.28,1561.35
house_agg_0_A_5_node_1_5,670.23,1564.69
house_agg_0_A_6_node_1_6,667.68,1567.68
house_agg_0_A_7_node_1_7,664.69,1570.23
house_agg_0_A_8_node_1_8,661.35,1572.28
house_agg_0_A_9_node_1_9,657.73,1573.78
house_agg_0_A_10_node_1_10,653.91,1574.69
house_agg_0_A_11_node_1_11,650.00,1575.00
house_agg_0_A_12_node_1_12,646.09,1574.69
house_agg_0_A_13_node_1_13,642.27,1573.78
house_agg_0_A_14_node_1_14,638.65,1572.28
house_agg_0_A_15_node_1_15,635.31,1570.23
house_agg_0_B_1_node_2_16,750.00,1700.00
house_agg_0_B_2_node_2_17,753.91,1700.31
house_agg_0_B_3_node_2_18,757.73,1701.22
house_agg_0_B_4_node_2_19,761.35,1702.72
house_agg_0_B_5_node_2_20,764.69,1704.77
house_agg_0_B_6_node_2_21,767.68,1707.32
house_agg_0_B_7_node_2_22,770.23,1710.31
house_agg_0_B_8_node_2_23,772.28,1713.65
house_agg_0_C_1_node_4_24,725.00,1000.00
house_agg_0_C_2_node_4_25,725.31,996.09
house_agg_0_C_3_node_4_26,726.22,992.27
house_agg_0_C_4_node_4_27,727.72,988.65
house_agg_0_C_5_node_4_28,729.77,985.31
house_agg_0_C_6_node_4_29,732.32,982.32
house_agg_0_C_7_node_4_30,735.31,979.77
house_agg_0_C_8_node_4_31,738.65,977.72
house_agg_0_C_9_node_4_32,742.27,976.22
house_agg_0_C_10_node_4_33,746.09,975.31
house_agg_0_C_11_node_4_34,750.00,975.00
house_agg_0_C_12_node_4_35,753.91,975.31
house_agg_0_C_13_node_4_36,757.73,976.22
house_agg_0_C_14_node_4_37,761.35,977.72
house_agg_0_C_15_node_4_38,764.69,979.77
house_agg_0_C_1_node_5_39,1050.00,1200.00
house_agg_0_C_2_node_5_40,1050.31,1196.09
house_agg_0_C_3_node_5_41,1051.22,1192.27
house_agg_0_C_4_node_5_42,1052.72,1188.65
house_agg_0_C_5_node_5_43,1054.77,1185.31
house_agg_0_C_6_node_5_44,1057.32,1182.32
house_agg_0_C_7_node_5_45,1060.31,1179.77
house_agg_0_C_8_node_5_46,1063.65,1177.72
house_agg_0_C_1_node_6_47,1300.00,1100.00
house_agg_0_C_2_node_6_48,1300.31,1096.09
house_agg_0_C_3_node_6_49,1301.22,1092.27
house_agg_0_C_4_node_6_50,1302.72,1088.65
house_agg_0_C_5_node_6_51,1304.77,1085.31
house_agg_0_C_6_node_6_52,1307.32,1082.32
house_agg_0_C_7_node_6_53,1310.31,1079.77
house_agg_0_C_8_node_6_54,1313.65,1077.72
house_agg_0_C_9_node_6_55,1317.27,1076.22
house_agg_0_C_10_node_6_56,1321.09,1075.31
house_agg_0_C_11_node_6_57,1325.00,1075.00
house_agg_0_C_12_node_6_58,1328.91,1075.31
house_agg_0_C_13_node_6_59,1332.73,1076.22
house_agg_0_C_14_node_6_60,1336.35,1077.72
house_agg_0_C_15_node_6_61,1339.69,1079.77
house_agg_0_A_1_node_7_62,975.00,1550.00
house_agg_0_A_2_node_7_63,974.69,1553.91
house_agg_0_A_3_node_7_64,973.78,1557.73
house_agg_0_A_4_node_7_65,972.28,1561.35
house_agg_0_A_5_node_7_66,970.23,1564.69
house_agg_0_A_6_node_7_67,967.68,1567.68
house_agg_0_A_7_node_7_68,964.69,1570.23
house_agg_0_A_8_node_7_69,961.35,1572.28
house_agg_0_A_1_node_9_70,1175.00,1775.00
house_agg_0_A_2_node_9_71,1174.69,1778.91
house_agg_0_A_3_node_9_72,1173.78,1782.73
house_agg_0_A_4_node_9_73,1172.28,1786.35
house_agg_0_A_5_node_9_74,1170.23,1789.69
house_agg_0_A_6_node_9_75,1167.68,1792.68
house_agg_0_A_7_node_9_76,1164.69,1795.23
house_agg_0_A_8_node_9_77,1161.35,1797.28
house_agg_0_A_9_node_9_78,1157.73,1798.78
house_agg_0_A_10_node_9_79,1153.91,1799.69
house_agg_0_A_11_node_9_80,1150.00,1800.00
house_agg_0_A_12_node_9_81,1146.09,1799.69
house_agg_0_A_13_node_9_82,1142.27,1798.78
house_agg_0_A_14_node_9_83,1138.65,1797.28
house_agg_0_A_15_node_9_84,1135.31,1795.23
house_agg_0_A_1_node_10_85,1425.00,2200.00
house_agg_0_A_2_node_10_86,1424.69,2203.91
house_agg_0_A_3_node_10_87,1423.78,2207.73
house_agg_0_A_4_node_10_88,1422.28,2211.35
house_agg_0_A_5_node_10_89,1420.23,2214.69
house_agg_0_A_6_node_10_90,1417.68,2217.68
house_agg_0_A_7_node_10_91,1414.69,2220.23
house_agg_0_A_8_node_10_92,1411.35,2222.28
house_agg_0_A_1_node_11_93,925.00,2200.00
house_agg_0_A_2_node_11_94,924.69,2203.91
house_agg_0_A_3_node_11_95,923.78,2207.73
house_agg_0_A_4_node_11_96,922.28,2211.35
house_agg_0_A_5_node_11_97,920.23,2214.69
house_agg_0_A_6_node_11_98,917.68,2217.68
house_agg_0_A_7_node_11_99,914.69,2220.23
house_agg_0_A_8_node_11_100,911.35,2222.28
house_agg_0_A_9_node_11_101,907.73,2223.78
house_agg_0_A_10_node_11_102,903.91,2224.69
house_agg_0_A_11_node_11_103,900.00,2225.00
house_agg_0_A_12_node_11_104,896.09,2224.69
house_agg_0_A_13_node_11_105,892.27,2223.78
house_agg_0_A_14_node_11_106,888.65,2222.28
house_agg_0_A_15_node_11_107,885.31,2220.23
house_agg_0_B_1_node_12_108,1250.00,1300.00
house_agg_0_B_2_node_12_109,1253.91,1300.31
house_agg_0_B_3_node_12_110,1257.73,1301.22
house_agg_0_B_4_node_12_111,1261.35,1302.72
house_agg_0_B_5_node_12_112,1264.69,1304.77
house_agg_0_B_6_node_12_113,1267.68,1307.32
house_agg_0_B_7_node_12_114,1270.23,1310.31
house_agg_0_B_8_node_12_115,1272.28,1313.65
house_agg_0_C_1_node_16_116,1525.00,825.00
house_agg_0_C_2_node_16_117,1525.31,821.09
house_agg_0_C_3_node_16_118,1526.22,817.27
house_agg_0_C_4_node_16_119,1527.72,813.65
house_agg_0_C_5_node_16_120,1529.77,810.31
house_agg_0_C_6_node_16_121,1532.32,807.32
house_agg_0_C_7_node_16_122,1535.31,804.77
house_agg_0_C_8_node_16_123,1538.65,802.72
house_agg_0_C_9_node_16_124,1542.27,801.22
house_agg_0_C_10_node_16_125,1546.09,800.31
house_agg_0_C_11_node_16_126,1550.00,800.00
house_agg_0_C_12_node_16_127,1553.91,800.31
house_agg_0_C_13_node_16_128,1557.73,801.22
house_agg_0_C_14_node_16_129,1561.35,802.72
house_agg_0_C_15_node_16_130,1564.69,804.77
house_agg_0_C_1_node_17_131,1875.00,1200.00
house_agg_0_C_2_node_17_132,1875.31,1196.09
house_agg_0_C_3_node_17_133,1876.22,1192.27
house_agg_0_C_4_node_17_134,1877.72,1188.65
house_agg_0_C_5_node_17_135,1879.77,1185.31
house_agg_0_C_6_node_17_136,1882.32,1182.32
house_agg_0_C_7_node_17_137,1885.31,1179.77
house_agg_0_C_8_node_17_138,1888.65,1177.72
house_agg_0_A_1_node_19_139,1225.00,2375.00
house_agg_0_A_2_node_19_140,1224.69,2378.91
house_agg_0_A_3_node_19_141,1223.78,2382.73
house_agg_0_A_4_node_19_142,1222.28,2386.35
house_agg_0_A_5_node_19_143,1220.23,2389.69
house_agg_0_A_6_node_19_144,1217.68,2392.68
house_agg_0_A_7_node_19_145,1214.69,2395.23
house_agg_0_A_8_node_19_146,1211.35,2397.28
house_agg_0_A_9_node_19_147,1207.73,2398.78
house_agg_0_A_10_node_19_148,1203.91,2399.69
house_agg_0_A_11_node_19_149,1200.00,2400.00
house_agg_0_A_12_node_19_150,1196.09,2399.69
house_agg_0_A_13_node_19_151,1192.27,2398.78
house_agg_0_A_14_node_19_152,1188.65,2397.28
house_agg_0_A_15_node_19_153,1185.31,2395.23
house_agg_0_A_1_node_20_154,900.00,2375.00
house_agg_0_A_2_node_20_155,899.69,2378.91
house_agg_0_A_3_node_20_156,898.78,2382.73
house_agg_0_A_4_node_20_157,897.28,2386.35
house_agg_0_A_5_node_20_158,895.23,2389.69
house_agg_0_A_6_node_20_159,892.68,2392.68
house_agg_0_A_7_node_20_160,889.69,2395.23
house_agg_0_A_8_node_20_161,886.35,2397.28
house_agg_0_A_9_node_20_162,882.73,2398.78
house_agg_0_A_10_node_20_163,878.91,2399.69
house_agg_0_A_11_node_20_164,875.00,2400.00
house_agg_0_A_12_node_20_165,871.09,2399.69
house_agg_0_A_13_node_20_166,867.27,2398.78
house_agg_0_A_14_node_20_167,863.65,2397.28
house_agg_0_A_15_node_20_168,860.31,2395.23
house_agg_1_B_1_node_22_169,1025.00,2650.00
house_agg_1_B_2_node_22_170,1028.91,2650.31
house_agg_1_B_3_node_22_171,1032.73,2651.22
house_agg_1_B_4_node_22_172,1036.35,2652.72
house_agg_1_B_5_node_22_173,1039.69,2654.77
house_agg_1_B_6_node_22_174,1042.68,2657.32
house_agg_1_B_7_node_22_175,1045.23,2660.31
house_agg_1_B_8_node_22_176,1047.28,2663.65
house_agg_1_B_9_node_22_177,1048.78,2667.27
house_agg_1_B_10_node_22_178,1049.69,2671.09
house_agg_1_B_11_node_22_179,1050.00,2675.00
house_agg_1_B_12_node_22_180,1049.69,2678.91
house_agg_1_B_13_node_22_181,1048.78,2682.73
house_agg_1_B_14_node_22_182,1047.28,2686.35
house_agg_1_B_15_node_22_183,1045.23,2689.69
house_agg_1_C_1_node_24_184,975.00,2825.00
house_agg_1_C_2_node_24_185,975.31,2821.09
house_agg_1_C_3_node_24_186,976.22,2817.27
house_agg_1_C_4_node_24_187,977.72,2813.65
house_agg_1_C_5_node_24_188,979.77,2810.31
house_agg_1_C_6_node_24_189,982.32,2807.32
house_agg_1_C_7_node_24_190,985.31,2804.77
house_agg_1_C_8_node_24_191,988.65,2802.72
house_agg_1_C_9_node_24_192,992.27,2801.22
house_agg_1_C_10_node_24_193,996.09,2800.31
house_agg_1_C_11_node_24_194,1000.00,2800.00
house_agg_1_C_12_node_24_195,1003.91,2800.31
house_agg_1_C_13_node_24_196,1007.73,2801.22
house_agg_1_C_14_node_24_197,1011.35,2802.72
house_agg_1_C_15_node_24_198,1014.69,2804.77
house_agg_1_A_1_node_28_199,1475.00,3400.00
house_agg_1_A_2_node_28_200,1474.69,3403.91
house_agg_1_A_3_node_28_201,1473.78,3407.73
house_agg_1_A_4_node_28_202,1472.28,3411.35
house_agg_1_A_5_node_28_203,1470.23,3414.69
house_agg_1_A_6_node_28_204,1467.68,3417.68
house_agg_1_A_7_node_28_205,1464.69,3420.23
house_agg_1_A_8_node_28_206,1461.35,3422.28
house_agg_1_A_9_node_28_207,1457.73,3423.78
house_agg_1_A_10_node_28_208,1453.91,3424.69
house_agg_1_A_11_node_28_209,1450.00,3425.00
house_agg_1_A_12_node_28_210,1446.09,3424.69
house_agg_1_A_13_node_28_211,1442.27,3423.78
house_agg_1_A_14_node_28_212,1438.65,3422.28
house_agg_1_A_15_node_28_213,1435.31,3420.23
house_agg_1_A_1_node_29_214,1475.00,3700.00
house_agg_1_A_2_node_29_215,1474.69,3703.91
house_agg_1_A_3_node_29_216,1473.78,3707.73
house_agg_1_A_4_node_29_217,1472.28,3711.35
house_agg_1_A_5_node_29_218,1470.23,3714.69
house_agg_1_A_6_node_29_219,1467.68,3717.68
house_agg_1_A_7_node_29_220,1464.69,3720.23
house_agg_1_A_8_node_29_221,1461.35,3722.28
house_agg_1_A_9_node_29_222,1457.73,3723.78
house_agg_1_A_10_node_29_223,1453.91,3724.69
house_agg_1_A_11_node_29_224,1450.00,3725.00
house_agg_1_A_12_node_29_225,1446.09,3724.69
house_agg_1_A_13_node_29_226,1442.27,3723.78
house_agg_1_A_14_node_29_227,1438.65,3722.28
house_agg_1_A_15_node_29_228,1435.31,3720.23
house_agg_1_C_1_node_30_229,1875.00,3600.00
house_agg_1_C_2_node_30_230,1875.31,3596.09
house_agg_1_C_3_node_30_231,1876.22,3592.27
house_agg_1_C_4_node_30_232,1877.72,3588.65
house_agg_1_C_5_node_30_233,1879.77,3585.31
house_agg_1_C_6_node_30_234,1882.32,3582.32
house_agg_1_C_7_node_30_235,1885.31,3579.77
house_agg_1_C_8_node_30_236,1888.65,3577.72
house_agg_1_C_9_node_30_237,1892.27,3576.22
house_agg_1_C_10_node_30_238,1896.09,3575.31
house_agg_1_C_11_node_30_239,1900.00,3575.00
house_agg_1_C_12_node_30_240,1903.91,3575.31
house_agg_1_C_13_node_30_241,1907.73,3576.22
house_agg_1_C_14_node_30_242,1911.35,3577.72
house_agg_1_C_15_node_30_243,1914.69,3579.77
house_agg_1_C_1_node_31_244,1175.00,3325.00
house_agg_1_C_2_node_31_245,1175.31,3321.09
house_agg_1_C_3_node_31_246,1176.22,3317.27
house_agg_1_C_4_node_31_247,1177.72,3313.65
house_agg_1_C_5_node_31_248,1179.77,3310.31
house_agg_1_C_6_node_31_249,1182.32,3307.32
house_agg_1_C_7_node_31_250,1185.31,3304.77
house_agg_1_C_8_node_31_251,1188.65,3302.72
house_agg_1_C_1_node_32_252,1175.00,3625.00
house_agg_1_C_2_node_32_253,1175.31,3621.09
house_agg_1_C_3_node_32_254,1176.22,3617.27
house_agg_1_C_4_node_32_255,1177.72,3613.65
house_agg_1_C_5_node_32_256,1179.77,3610.31
house_agg_1_C_6_node_32_257,1182.32,3607.32
house_agg_1_C_7_node_32_258,1185.31,3604.77
house_agg_1_C_8_node_32_259,1188.65,3602.72
house_agg_1_A_1_node_33_260,850.00,3700.00
house_agg_1_A_2_node_33_261,849.69,3703.91
house_agg_1_A_3_node_33_262,848.78,3707.73
house_agg_1_A_4_node_33_263,847.28,3711.35
house_agg_1_A_5_node_33_264,845.23,3714.69
house_agg_1_A_6_node_33_265,842.68,3717.68
house_agg_1_A_7_node_33_266,839.69,3720.23
house_agg_1_A_8_node_33_267,836.35,3722.28
house_agg_1_A_9_node_33_268,832.73,3723.78
house_agg_1_A_10_node_33_269,828.91,3724.69
house_agg_1_A_11_node_33_270,825.00,3725.00
house_agg_1_A_12_node_33_271,821.09,3724.69
house_agg_1_A_13_node_33_272,817.27,3723.78
house_agg_1_A_14_node_33_273,813.65,3722.28
house_agg_1_A_15_node_33_274,810.31,3720.23
house_agg_0_C_1_node_34_275,1525.00,1300.00
house_agg_0_C_2_node_34_276,1525.31,1296.09
house_agg_0_C_3_node_34_277,1526.22,1292.27
house_agg_0_C_4_node_34_278,1527.72,1288.65
house_agg_0_C_5_node_34_279,1529.77,1285.31
house_agg_0_C_6_node_34_280,1532.32,1282.32
house_agg_0_C_7_node_34_281,1535.31,1279.77
house_agg_0_C_8_node_34_282,1538.65,1277.72
house_agg_0_C_9_node_34_283,1542.27,1276.22
house_agg_0_C_10_node_34_284,1546.09,1275.31
house_agg_0_C_11_node_34_285,1550.00,1275.00
house_agg_0_C_12_node_34_286,1553.91,1275.31
house_agg_0_C_13_node_34_287,1557.73,1276.22
house_agg_0_C_14_node_34_288,1561.35,1277.72
house_agg_0_C_15_node_34_289,1564.69,1279.77
house_agg_2_A_1_node_35_290,1950.00,2375.00
house_agg_2_A_2_node_35_291,1949.69,2378.91
house_agg_2_A_3_node_35_292,1948.78,2382.73
house_agg_2_A_4_node_35_293,1947.28,2386.35
house_agg_2_A_5_node_35_294,1945.23,2389.69
house_agg_2_A_6_node_35_295,1942.68,2392.68
house_agg_2_A_7_node_35_296,1939.69,2395.23
house_agg_2_A_8_node_35_297,1936.35,2397.28
house_agg_2_A_9_node_35_298,1932.73,2398.78
house_agg_2_A_10_node_35_299,1928.91,2399.69
house_agg_2_A_11_node_35_300,1925.00,2400.00
house_agg_2_A_12_node_35_301,1921.09,2399.69
house_agg_2_A_13_node_35_302,1917.27,2398.78
house_agg_2_A_14_node_35_303,1913.65,2397.28
house_agg_2_A_15_node_35_304,1910.31,2395.23
house_agg_2_A_1_node_37_305,1750.00,2050.00
house_agg_2_A_2_node_37_306,1749.69,2053.91
house_agg_2_A_3_node_37_307,1748.78,2057.73
house_agg_2_A_4_node_37_308,1747.28,2061.35
house_agg_2_A_5_node_37_309,1745.23,2064.69
house_agg_2_A_6_node_37_310,1742.68,2067.68
house_agg_2_A_7_node_37_311,1739.69,2070.23
house_agg_2_A_8_node_37_312,1736.35,2072.28
house_agg_2_A_9_node_37_313,1732.73,2073.78
house_agg_2_A_10_node_37_314,1728.91,2074.69
house_agg_2_A_11_node_37_315,1725.00,2075.00
house_agg_2_A_12_node_37_316,1721.09,2074.69
house_agg_2_A_13_node_37_317,1717.27,2073.78
house_agg_2_A_14_node_37_318,1713.65,2072.28
house_agg_2_A_15_node_37_319,1710.31,2070.23
house_agg_2_B_1_node_38_320,2375.00,2025.00
house_agg_2_B_2_node_38_321,2378.91,2025.31
house_agg_2_B_3_node_38_322,2382.73,2026.22
house_agg_2_B_4_node_38_323,2386.35,2027.72
house_agg_2_B_5_node_38_324,2389.69,2029.77
house_agg_2_B_6_node_38_325,2392.68,2032.32
house_agg_2_B_7_node_38_326,2395.23,2035.31
house_agg_2_B_8_node_38_327,2397.28,2038.65
house_agg_2_B_1_node_39_328,2700.00,2025.00
house_agg_2_B_2_node_39_329,2703.91,2025.31
house_agg_2_B_3_node_39_330,2707.73,2026.22
house_agg_2_B_4_node_39_331,2711.35,2027.72
house_agg_2_B_5_node_39_332,2714.69,2029.77
house_agg_2_B_6_node_39_333,2717.68,2032.32
house_agg_2_B_7_node_39_334,2720.23,2035.31
house_agg_2_B_8_node_39_335,2722.28,2038.65
house_agg_2_C_1_node_41_336,2325.00,2525.00
house_agg_2_C_2_node_41_337,2325.31,2521.09
house_agg_2_C_3_node_41_338,2326.22,2517.27
house_agg_2_C_4_node_41_339,2327.72,2513.65
house_agg_2_C_5_node_41_340,2329.77,2510.31
house_agg_2_C_6_node_41_341,2332.32,2507.32
house_agg_2_C_7_node_41_342,2335.31,2504.77
house_agg_2_C_8_node_41_343,2338.65,2502.72
house_agg_2_A_1_node_42_344,1950.00,2875.00
house_agg_2_A_2_node_42_345,1949.69,2878.91
house_agg_2_A_3_node_42_346,1948.78,2882.73
house_agg_2_A_4_node_42_347,1947.28,2886.35
house_agg_2_A_5_node_42_348,1945.23,2889.69
house_agg_2_A_6_node_42_349,1942.68,2892.68
house_agg_2_A_7_node_42_350,1939.69,2895.23
house_agg_2_A_8_node_42_351,1936.35,2897.28
house_agg_2_B_1_node_43_352,2525.00,2850.00
house_agg_2_B_2_node_43_353,2528.91,2850.31
house_agg_2_B_3_node_43_354,2532.73,2851.22
house_agg_2_B_4_node_43_355,2536.35,2852.72
house_agg_2_B_5_node_43_356,2539.69,2854.77
house_agg_2_B_6_node_43_357,2542.68,2857.32
house_agg_2_B_7_node_43_358,2545.23,2860.31
house_agg_2_B_8_node_43_359,2547.28,2863.65
house_agg_2_B_9_node_43_360,2548.78,2867.27
house_agg_2_B_10_node_43_361,2549.69,2871.09
house_agg_2_B_11_node_43_362,2550.00,2875.00
house_agg_2_B_12_node_43_363,2549.69,2878.91
house_agg_2_B_13_node_43_364,2548.78,2882.73
house_agg_2_B_14_node_43_365,2547.28,2886.35
house_agg_2_B_15_node_43_366,2545.23,2889.69
house_agg_2_A_1_node_45_367,2150.00,3075.00
house_agg_2_A_2_node_45_368,2149.69,3078.91
house_agg_2_A_3_node_45_369,2148.78,3082.73
house_agg_2_A_4_node_45_370,2147.28,3086.35
house_agg_2_A_5_node_45_371,2145.23,3089.69
house_agg_2_A_6_node_45_372,2142.68,3092.68
house_agg_2_A_7_node_45_373,2139.69,3095.23
house_agg_2_A_8_node_45_374,2136.35,3097.28
house_agg_2_A_1_node_46_375,2450.00,3075.00
house_agg_2_A_2_node_46_376,2449.69,3078.91
house_agg_2_A_3_node_46_377,2448.78,3082.73
house_agg_2_A_4_node_46_378,2447.28,3086.35
house_agg_2_A_5_node_46_379,2445.23,3089.69
house_agg_2_A_6_node_46_380,2442.68,3092.68
house_agg_2_A_7_node_46_381,2439.69,3095.23
house_agg_2_A_8_node_46_382,2436.35,3097.28
house_agg_2_A_1_node_47_383,1950.00,3325.00
house_agg_2_A_2_node_47_384,1949.69,3328.91
house_agg_2_A_3_node_47_385,1948.78,3332.73
house_agg_2_A_4_node_47_386,1947.28,3336.35
house_agg_2_A_5_node_47_387,1945.23,3339.69
house_agg_2_A_6_node_47_388,1942.68,3342.68
house_agg_2_A_7_node_47_389,1939.69,3345.23
house_agg_2_A_8_node_47_390,1936.35,3347.28
house_agg_2_A_9_node_47_391,1932.73,3348.78
house_agg_2_A_10_node_47_392,1928.91,3349.69
house_agg_2_A_11_node_47_393,1925.00,3350.00
house_agg_2_A_12_node_47_394,1921.09,3349.69
house_agg_2_A_13_node_47_395,1917.27,3348.78
house_agg_2_A_14_node_47_396,1913.65,3347.28
house_agg_2_A_15_node_47_397,1910.31,3345.23
house_agg_2_B_1_node_47_398,2025.00,3300.00
house_agg_2_B_2_node_47_399,2028.91,3300.31
house_agg_2_B_3_node_47_400,2032.73,3301.22
house_agg_2_B_4_node_47_401,2036.35,3302.72
house_agg_2_B_5_node_47_402,2039.69,3304.77
house_agg_2_B_6_node_47_403,2042.68,3307.32
house_agg_2_B_7_node_47_404,2045.23,3310.31
house_agg_2_B_8_node_47_405,2047.28,3313.65
house_agg_2_B_9_node_47_406,2048.78,3317.27
house_agg_2_B_10_node_47_407,2049.69,3321.09
house_agg_2_B_11_node_47_408,2050.00,3325.00
house_agg_2_B_12_node_47_409,2049.69,3328.91
house_agg_2_B_13_node_47_410,2048.78,3332.73
house_agg_2_B_14_node_47_411,2047.28,3336.35
house_agg_2_B_15_node_47_412,2045.23,3339.69
house_agg_2_C_1_node_47_413,2000.00,3225.00
house_agg_2_C_2_node_47_414,2000.31,3221.09
house_agg_2_C_3_node_47_415,2001.22,3217.27
house_agg_2_C_4_node_47_416,2002.72,3213.65
house_agg_2_C_5_node_47_417,2004.77,3210.31
house_agg_2_C_6_node_47_418,2007.32,3207.32
house_agg_2_C_7_node_47_419,2010.31,3204.77
house_agg_2_C_8_node_47_420,2013.65,3202.72
house_agg_2_C_9_node_47_421,2017.27,3201.22
house_agg_2_C_10_node_47_422,2021.09,3200.31
house_agg_2_C_11_node_47_423,2025.00,3200.00
house_agg_2_C_12_node_47_424,2028.91,3200.31
house_agg_2_C_13_node_47_425,2032.73,3201.22
house_agg_2_C_14_node_47_426,2036.35,3202.72
house_agg_2_C_15_node_47_427,2039.69,3204.77
house_agg_2_A_1_node_48_428,1800.00,3325.00
house_agg_2_A_2_node_48_429,1799.69,3328.91
house_agg_2_A_3_node_48_430,1798.78,3332.73
house_agg_2_A_4_node_48_431,1797.28,3336.35
house_agg_2_A_5_node_48_432,1795.23,3339.69
house_agg_2_A_6_node_48_433,1792.68,3342.68
house_agg_2_A_7_node_48_434,1789.69,3345.23
house_agg_2_A_8_node_48_435,1786.35,3347.28
house_agg_2_A_9_node_48_436,1782.73,3348.78
house_agg_2_A_10_node_48_437,1778.91,3349.69
house_agg_2_A_11_node_48_438,1775.00,3350.00
house_agg_2_A_12_node_48_439,1771.09,3349.69
house_agg_2_A_13_node_48_440,1767.27,3348.78
house_agg_2_A_14_node_48_441,1763.65,3347.28
house_agg_2_A_15_node_48_442,1760.31,3345.23
house_agg_2_A_16_node_48_443,1757.32,3342.68
house_agg_2_A_17_node_48_444,1754.77,3339.69
house_agg_2_A_18_node_48_445,1752.72,3336.35
house_agg_2_A_19_node_48_446,1751.22,3332.73
house_agg_2_A_20_node_48_447,1750.31,3328.91
house_agg_2_A_21_node_48_448,1750.00,3325.00
house_agg_2_A_22_node_48_449,1750.31,3321.09
house_agg_2_A_23_node_48_450,1751.22,3317.27
house_agg_2_A_24_node_48_451,1752.72,3313.65
house_agg_2_A_25_node_48_452,1754.77,3310.31
house_agg_2_A_26_node_48_453,1757.32,3307.32
house_agg_2_A_27_node_48_454,1760.31,3304.77
house_agg_2_A_28_node_48_455,1763.65,3302.72
house_agg_2_A_29_node_48_456,1767.27,3301.22
house_agg_2_B_1_node_48_457,1875.00,3300.00
house_agg_2_B_2_node_48_458,1878.91,3300.31
house_agg_2_B_3_node_48_459,1882.73,3301.22
house_agg_2_B_4_node_48_460,1886.35,3302.72
house_agg_2_B_5_node_48_461,1889.69,3304.77
house_agg_2_B_6_node_48_462,1892.68,3307.32
house_agg_2_B_7_node_48_463,1895.23,3310.31
house_agg_2_B_8_node_48_464,1897.28,3313.65
house_agg_2_B_9_node_48_465,1898.78,3317.27
house_agg_2_B_10_node_48_466,1899.69,3321.09
house_agg_2_B_11_node_48_467,1900.00,3325.00
house_agg_2_B_12_node_48_468,1899.69,3328.91
house_agg_2_B_13_node_48_469,1898.78,3332.73
house_agg_2_B_14_node_48_470,1897.28,3336.35
house_agg_2_B_15_node_48_471,1895.23,3339.69
house_agg_2_B_16_node_48_472,1892.68,3342.68
house_agg_2_B_17_node_48_473,1889.69,3345.23
house_agg_2_B_18_node_48_474,1886.35,3347.28
house_agg_2_B_19_node_48_475,1882.73,3348.78
house_agg_2_B_20_node_48_476,1878.91,3349.69
house_agg_2_B_21_node_48_477,1875.00,3350.00
house_agg_2_B_22_node_48_478,1871.09,3349.69
house_agg_2_B_23_node_48_479,1867.27,3348.78
house_agg_2_B_24_node_48_480,1863.65,3347.28
house_agg_2_B_25_node_48_481,1860.31,3345.23
house_agg_2_B_26_node_48_482,1857.32,3342.68
house_agg_2_B_27_node_48_483,1854.77,3339.69
house_agg_2_B_28_node_48_484,1852.72,3336.35
house_agg_2_B_29_node_48_485,1851.22,3332.73
house_agg_2_C_1_node_48_486,1850.00,3225.00
house_agg_2_C_2_node_48_487,1850.31,3221.09
house_agg_2_C_3_node_48_488,1851.22,3217.27
house_agg_2_C_4_node_48_489,1852.72,3213.65
house_agg_2_C_5_node_48_490,1854.77,3210.31
house_agg_2_C_6_node_48_491,1857.32,3207.32
house_agg_2_C_7_node_48_492,1860.31,3204.77
house_agg_2_C_8_node_48_493,1863.65,3202.72
house_agg_2_C_9_node_48_494,1867.27,3201.22
house_agg_2_C_10_node_48_495,1871.09,3200.31
house_agg_2_C_11_node_48_496,1875.00,3200.00
house_agg_2_C_12_node_48_497,1878.91,3200.31
house_agg_2_C_13_node_48_498,1882.73,3201.22
house_agg_2_C_14_node_48_499,1886.35,3202.72
house_agg_2_C_15_node_48_500,1889.69,3204.77
house_agg_2_C_16_node_48_501,1892.68,3207.32
house_agg_2_C_17_node_48_502,1895.23,3210.31
house_agg_2_C_18_node_48_503,1897.28,3213.65
house_agg_2_C_19_node_48_504,1898.78,3217.27
house_agg_2_C_20_node_48_505,1899.69,3221.09
house_agg_2_C_21_node_48_506,1900.00,3225.00
house_agg_2_C_22_node_48_507,1899.69,3228.91
house_agg_2_C_23_node_48_508,1898.78,3232.73
house_agg_2_C_24_node_48_509,1897.28,3236.35
house_agg_2_C_25_node_48_510,1895.23,3239.69
house_agg_2_C_26_node_48_511,1892.68,3242.68
house_agg_2_C_27_node_48_512,1889.69,3245.23
house_agg_2_C_28_node_48_513,1886.35,3247.28
house_agg_2_C_29_node_48_514,1882.73,3248.78
house_agg_2_A_1_node_49_515,2200.00,3325.00
house_agg_2_A_2_node_49_516,2199.69,3328.91
house_agg_2_A_3_node_49_517,2198.78,3332.73
house_agg_2_A_4_node_49_518,2197.28,3336.35
house_agg_2_A_5_node_49_519,2195.23,3339.69
house_agg_2_A_6_node_49_520,2192.68,3342.68
house_agg_2_A_7_node_49_521,2189.69,3345.23
house_agg_2_A_8_node_49_522,2186.35,3347.28
house_agg_2_A_9_node_49_523,2182.73,3348.78
house_agg_2_A_10_node_49_524,2178.91,3349.69
house_agg_2_A_11_node_49_525,2175.00,3350.00
house_agg_2_A_12_node_49_526,2171.09,3349.69
house_agg_2_A_13_node_49_527,2167.27,3348.78
house_agg_2_A_14_node_49_528,2163.65,3347.28
house_agg_2_A_15_node_49_529,2160.31,3345.23
house_agg_2_B_1_node_49_530,2275.00,3300.00
house_agg_2_B_2_node_49_531,2278.91,3300.31
house_agg_2_B_3_node_49_532,2282.73,3301.22
house_agg_2_B_4_node_49_533,2286.35,3302.72
house_agg_2_B_5_node_49_534,2289.69,3304.77
house_agg_2_B_6_node_49_535,2292.68,3307.32
house_agg_2_B_7_node_49_536,2295.23,3310.31
house_agg_2_B_8_node_49_537,2297.28,3313.65
house_agg_2_B_9_node_49_538,2298.78,3317.27
house_agg_2_B_10_node_49_539,2299.69,3321.09
house_agg_2_B_11_node_49_540,2300.00,3325.00
house_agg_2_B_12_node_49_541,2299.69,3328.91
house_agg_2_B_13_node_49_542,2298.78,3332.73
house_agg_2_B_14_node_49_543,2297.28,3336.35
house_agg_2_B_15_node_49_544,2295.23,3339.69
house_agg_2_B_16_node_49_545,2292.68,3342.68
house_agg_2_B_17_node_49_546,2289.69,3345.23
house_agg_2_B_18_node_49_547,2286.35,3347.28
house_agg_2_B_19_node_49_548,2282.73,3348.78
house_agg_2_B_20_node_49_549,2278.91,3349.69
house_agg_2_B_21_node_49_550,2275.00,3350.00
house_agg_2_B_22_node_49_551,2271.09,3349.69
house_agg_2_B_23_node_49_552,2267.27,3348.78
house_agg_2_B_24_node_49_553,2263.65,3347.28
house_agg_2_B_25_node_49_554,2260.31,3345.23
house_agg_2_B_26_node_49_555,2257.32,3342.68
house_agg_2_B_27_node_49_556,2254.77,3339.69
house_agg_2_B_28_node_49_557,2252.72,3336.35
house_agg_2_B_29_node_49_558,2251.22,3332.73
house_agg_2_C_1_node_49_559,2250.00,3225.00
house_agg_2_C_2_node_49_560,2250.31,3221.09
house_agg_2_C_3_node_49_561,2251.22,3217.27
house_agg_2_C_4_node_49_562,2252.72,3213.65
house_agg_2_C_5_node_49_563,2254.77,3210.31
house_agg_2_C_6_node_49_564,2257.32,3207.32
house_agg_2_C_7_node_49_565,2260.31,3204.77
house_agg_2_C_8_node_49_566,2263.65,3202.72
house_agg_2_C_9_node_49_567,2267.27,3201.22
house_agg_2_C_10_node_49_568,2271.09,3200.31
house_agg_2_C_11_node_49_569,2275.00,3200.00
house_agg_2_C_12_node_49_570,2278.91,3200.31
house_agg_2_C_13_node_49_571,2282.73,3201.22
house_agg_2_C_14_node_49_572,2286.35,3202.72
house_agg_2_C_15_node_49_573,2289.69,3204.77
house_agg_2_C_1_node_50_574,2500.00,3225.00
house_agg_2_C_2_node_50_575,2500.31,3221.09
house_agg_2_C_3_node_50_576,2501.22,3217.27
house_agg_2_C_4_node_50_577,2502.72,3213.65
house_agg_2_C_5_node_50_578,2504.77,3210.31
house_agg_2_C_6_node_50_579,2507.32,3207.32
house_agg_2_C_7_node_50_580,2510.31,3204.77
house_agg_2_C_8_node_50_581,2513.65,3202.72
house_agg_2_C_9_node_50_582,2517.27,3201.22
house_agg_2_C_10_node_50_583,2521.09,3200.31
house_agg_2_C_11_node_50_584,2525.00,3200.00
house_agg_2_C_12_node_50_585,2528.91,3200.31
house_agg_2_C_13_node_50_586,2532.73,3201.22
house_agg_2_C_14_node_50_587,2536.35,3202.72
house_agg_2_C_15_node_50_588,2539.69,3204.77
house_agg_2_A_1_node_51_589,2700.00,3325.00
house_agg_2_A_2_node_51_590,2699.69,3328.91
house_agg_2_A_3_node_51_591,2698.78,3332.73
house_agg_2_A_4_node_51_592,2697.28,3336.35
house_agg_2_A_5_node_51_593,2695.23,3339.69
house_agg_2_A_6_node_51_594,2692.68,3342.68
house_agg_2_A_7_node_51_595,2689.69,3345.23
house_agg_2_A_8_node_51_596,2686.35,3347.28
house_agg_0_A_1_node_52_597,1975.00,1550.00
house_agg_0_A_2_node_52_598,1974.69,1553.91
house_agg_0_A_3_node_52_599,1973.78,1557.73
house_agg_0_A_4_node_52_600,1972.28,1561.35
house_agg_0_A_5_node_52_601,1970.23,1564.69
house_agg_0_A_6_node_52_602,1967.68,1567.68
house_agg_0_A_7_node_52_603,1964.69,1570.23
house_agg_0_A_8_node_52_604,1961.35,1572.28
house_agg_0_A_9_node_52_605,1957.73,1573.78
house_agg_0_A_10_node_52_606,1953.91,1574.69
house_agg_0_A_11_node_52_607,1950.00,1575.00
house_agg_0_A_12_node_52_608,1946.09,1574.69
house_agg_0_A_13_node_52_609,1942.27,1573.78
house_agg_0_A_14_node_52_610,1938.65,1572.28
house_agg_0_A_15_node_52_611,1935.31,1570.23
house_agg_0_A_1_node_53_612,2175.00,1550.00
house_agg_0_A_2_node_53_613,2174.69,1553.91
house_agg_0_A_3_node_53_614,2173.78,1557.73
house_agg_0_A_4_node_53_615,2172.28,1561.35
house_agg_0_A_5_node_53_616,2170.23,1564.69
house_agg_0_A_6_node_53_617,2167.68,1567.68
house_agg_0_A_7_node_53_618,2164.69,1570.23
house_agg_0_A_8_node_53_619,2161.35,1572.28
house_agg_0_A_9_node_53_620,2157.73,1573.78
house_agg_0_A_10_node_53_621,2153.91,1574.69
house_agg_0_A_11_node_53_622,2150.00,1575.00
house_agg_0_A_12_node_53_623,2146.09,1574.69
house_agg_0_A_13_node_53_624,2142.27,1573.78
house_agg_0_A_14_node_53_625,2138.65,1572.28
house_agg_0_A_15_node_53_626,2135.31,1570.23
house_agg_0_A_1_node_55_627,2575.00,1550.00
house_agg_0_A_2_node_55_628,2574.69,1553.91
house_agg_0_A_3_node_55_629,2573.78,1557.73
house_agg_0_A_4_node_55_630,2572.28,1561.35
house_agg_0_A_5_node_55_631,2570.23,1564.69
house_agg_0_A_6_node_55_632,2567.68,1567.68
house_agg_0_A_7_node_55_633,2564.69,1570.23
house_agg_0_A_8_node_55_634,2561.35,1572.28
house_agg_0_B_1_node_56_635,2925.00,1525.00
house_agg_0_B_2_node_56_636,2928.91,1525.31
house_agg_0_B_3_node_56_637,2932.73,1526.22
house_agg_0_B_4_node_56_638,2936.35,1527.72
house_agg_0_B_5_node_56_639,2939.69,1529.77
house_agg_0_B_6_node_56_640,2942.68,1532.32
house_agg_0_B_7_node_56_641,2945.23,1535.31
house_agg_0_B_8_node_56_642,2947.28,1538.65
house_agg_0_B_1_node_58_643,2125.00,1875.00
house_agg_0_B_2_node_58_644,2128.91,1875.31
house_agg_0_B_3_node_58_645,2132.73,1876.22
house_agg_0_B_4_node_58_646,2136.35,1877.72
house_agg_0_B_5_node_58_647,2139.69,1879.77
house_agg_0_B_6_node_58_648,2142.68,1882.32
house_agg_0_B_7_node_58_649,2145.23,1885.31
house_agg_0_B_8_node_58_650,2147.28,1888.65
house_agg_0_B_1_node_59_651,1875.00,1875.00
house_agg_0_B_2_node_59_652,1878.91,1875.31
house_agg_0_B_3_node_59_653,1882.73,1876.22
house_agg_0_B_4_node_59_654,1886.35,1877.72
house_agg_0_B_5_node_59_655,1889.69,1879.77
house_agg_0_B_6_node_59_656,1892.68,1882.32
house_agg_0_B_7_node_59_657,1895.23,1885.31
house_agg_0_B_8_node_59_658,1897.28,1888.65
house_agg_3_A_1_node_61_659,3050.00,1350.00
house_agg_3_A_2_node_61_660,3049.69,1353.91
house_agg_3_A_3_node_61_661,3048.78,1357.73
house_agg_3_A_4_node_61_662,3047.28,1361.35
house_agg_3_A_5_node_61_663,3045.23,1364.69
house_agg_3_A_6_node_61_664,3042.68,1367.68
house_agg_3_A_7_node_61_665,3039.69,1370.23
house_agg_3_A_8_node_61_666,3036.35,1372.28
house_agg_3_C_1_node_62_667,3100.00,2050.00
house_agg_3_C_2_node_62_668,3100.31,2046.09
house_agg_3_C_3_node_62_669,3101.22,2042.27
house_agg_3_C_4_node_62_670,3102.72,2038.65
house_agg_3_C_5_node_62_671,3104.77,2035.31
house_agg_3_C_6_node_62_672,3107.32,2032.32
house_agg_3_C_7_node_62_673,3110.31,2029.77
house_agg_3_C_8_node_62_674,3113.65,2027.72
house_agg_3_C_9_node_62_675,3117.27,2026.22
house_agg_3_C_10_node_62_676,3121.09,2025.31
house_agg_3_C_11_node_62_677,3125.00,2025.00
house_agg_3_C_12_node_62_678,3128.91,2025.31
house_agg_3_C_13_node_62_679,3132.73,2026.22
house_agg_3_C_14_node_62_680,3136.35,2027.72
house_agg_3_C_15_node_62_681,3139.69,2029.77
house_agg_3_A_1_node_63_682,3050.00,2325.00
house_agg_3_A_2_node_63_683,3049.69,2328.91
house_agg_3_A_3_node_63_684,3048.78,2332.73
house_agg_3_A_4_node_63_685,3047.28,2336.35
house_agg_3_A_5_node_63_686,3045.23,2339.69
house_agg_3_A_6_node_63_687,3042.68,2342.68
house_agg_3_A_7_node_63_688,3039.69,2345.23
house_agg_3_A_8_node_63_689,3036.35,2347.28
house_agg_3_A_9_node_63_690,3032.73,2348.78
house_agg_3_A_10_node_63_691,3028.91,2349.69
house_agg_3_A_11_node_63_692,3025.00,2350.00
house_agg_3_A_12_node_63_693,3021.09,2349.69
house_agg_3_A_13_node_63_694,3017.27,2348.78
house_agg_3_A_14_node_63_695,3013.65,2347.28
house_agg_3_A_15_node_63_696,3010.31,2345.23
house_agg_3_B_1_node_64_697,3125.00,2650.00
house_agg_3_B_2_node_64_698,3128.91,2650.31
house_agg_3_B_3_node_64_699,3132.73,2651.22
house_agg_3_B_4_node_64_700,3136.35,2652.72
house_agg_3_B_5_node_64_701,3139.69,2654.77
house_agg_3_B_6_node_64_702,3142.68,2657.32
house_agg_3_B_7_node_64_703,3145.23,2660.31
house_agg_3_B_8_node_64_704,3147.28,2663.65
house_agg_3_B_9_node_64_705,3148.78,2667.27
house_agg_3_B_10_node_64_706,3149.69,2671.09
house_agg_3_B_11_node_64_707,3150.00,2675.00
house_agg_3_B_12_node_64_708,3149.69,2678.91
house_agg_3_B_13_node_64_709,3148.78,2682.73
house_agg_3_B_14_node_64_710,3147.28,2686.35
house_agg_3_B_15_node_64_711,3145.23,2689.69
house_agg_3_B_16_node_64_712,3142.68,2692.68
house_agg_3_B_17_node_64_713,3139.69,2695.23
house_agg_3_B_18_node_64_714,3136.35,2697.28
house_agg_3_B_19_node_64_715,3132.73,2698.78
house_agg_3_B_20_node_64_716,3128.91,2699.69
house_agg_3_B_21_node_64_717,3125.00,2700.00
house_agg_3_B_22_node_64_718,3121.09,2699.69
house_agg_3_B_23_node_64_719,3117.27,2698.78
house_agg_3_B_24_node_64_720,3113.65,2697.28
house_agg_3_B_25_node_64_721,3110.31,2695.23
house_agg_3_B_26_node_64_722,3107.32,2692.68
house_agg_3_B_27_node_64_723,3104.77,2689.69
house_agg_3_B_28_node_64_724,3102.72,2686.35
house_agg_3_A_1_node_65_725,2625.00,2675.00
house_agg_3_A_2_node_65_726,2624.69,2678.91
house_agg_3_A_3_node_65_727,2623.78,2682.73
house_agg_3_A_4_node_65_728,2622.28,2686.35
house_agg_3_A_5_node_65_729,2620.23,2689.69
house_agg_3_B_1_node_65_730,2700.00,2650.00
house_agg_3_B_2_node_65_731,2703.91,2650.31
house_agg_3_B_3_node_65_732,2707.73,2651.22
house_agg_3_B_4_node_65_733,2711.35,2652.72
house_agg_3_B_5_node_65_734,2714.69,2654.77
house_agg_3_C_1_node_65_735,2675.00,2575.00
house_agg_3_C_2_node_65_736,2675.31,2571.09
house_agg_3_C_3_node_65_737,2676.22,2567.27
house_agg_3_C_4_node_65_738,2677.72,2563.65
house_agg_3_C_5_node_65_739,2679.77,2560.31
house_agg_3_C_6_node_65_740,2682.32,2557.32
house_agg_3_C_7_node_65_741,2685.31,2554.77
house_agg_3_C_8_node_65_742,2688.65,2552.72
house_agg_3_C_9_node_65_743,2692.27,2551.22
house_agg_3_C_10_node_65_744,2696.09,2550.31
house_agg_3_C_1_node_66_745,2675.00,2250.00
house_agg_3_C_2_node_66_746,2675.31,2246.09
house_agg_3_C_3_node_66_747,2676.22,2242.27
house_agg_3_C_4_node_66_748,2677.72,2238.65
house_agg_3_C_5_node_66_749,2679.77,2235.31
house_agg_3_C_6_node_66_750,2682.32,2232.32
house_agg_3_C_7_node_66_751,2685.31,2229.77
house_agg_3_C_8_node_66_752,2688.65,2227.72
house_agg_3_C_9_node_66_753,2692.27,2226.22
house_agg_3_C_10_node_66_754,2696.09,2225.31
house_agg_3_C_11_node_66_755,2700.00,2225.00
house_agg_3_C_12_node_66_756,2703.91,2225.31
house_agg_3_C_13_node_66_757,2707.73,2226.22
house_agg_3_C_14_node_66_758,2711.35,2227.72
house_agg_3_C_15_node_66_759,2714.69,2229.77
house_agg_3_C_16_node_66_760,2717.68,2232.32
house_agg_3_C_17_node_66_761,2720.23,2235.31
house_agg_3_C_18_node_66_762,2722.28,2238.65
house_agg_3_C_19_node_66_763,2723.78,2242.27
house_agg_3_C_20_node_66_764,2724.69,2246.09
house_agg_3_C_21_node_66_765,2725.00,2250.00
house_agg_3_C_22_node_66_766,2724.69,2253.91
house_agg_3_C_23_node_66_767,2723.78,2257.73
house_agg_3_C_24_node_66_768,2722.28,2261.35
house_agg_3_C_25_node_66_769,2720.23,2264.69
house_agg_3_C_26_node_66_770,2717.68,2267.68
house_agg_3_C_27_node_66_771,2714.69,2270.23
house_agg_3_C_28_node_66_772,2711.35,2272.28
house_agg_3_A_1_node_68_773,3700.00,1900.00
house_agg_3_A_2_node_68_774,3699.69,1903.91
house_agg_3_A_3_node_68_775,3698.78,1907.73
house_agg_3_A_4_node_68_776,3697.28,1911.35
house_agg_3_A_5_node_68_777,3695.23,1914.69
house_agg_3_A_6_node_68_778,3692.68,1917.68
house_agg_3_A_7_node_68_779,3689.69,1920.23
house_agg_3_A_8_node_68_780,3686.35,1922.28
house_agg_3_A_1_node_69_781,3975.00,1900.00
house_agg_3_A_2_node_69_782,3974.69,1903.91
house_agg_3_A_3_node_69_783,3973.78,1907.73
house_agg_3_A_4_node_69_784,3972.28,1911.35
house_agg_3_A_5_node_69_785,3970.23,1914.69
house_agg_3_A_6_node_69_786,3967.68,1917.68
house_agg_3_A_7_node_69_787,3964.69,1920.23
house_agg_3_A_8_node_69_788,3961.35,1922.28
house_agg_3_A_9_node_69_789,3957.73,1923.78
house_agg_3_A_10_node_69_790,3953.91,1924.69
house_agg_3_A_11_node_69_791,3950.00,1925.00
house_agg_3_A_12_node_69_792,3946.09,1924.69
house_agg_3_A_13_node_69_793,3942.27,1923.78
house_agg_3_A_14_node_69_794,3938.65,1922.28
house_agg_3_A_15_node_69_795,3935.31,1920.23
house_agg_3_A_1_node_70_796,4300.00,1900.00
house_agg_3_A_2_node_70_797,4299.69,1903.91
house_agg_3_A_3_node_70_798,4298.78,1907.73
house_agg_3_A_4_node_70_799,4297.28,1911.35
house_agg_3_A_5_node_70_800,4295.23,1914.69
house_agg_3_A_6_node_70_801,4292.68,1917.68
house_agg_3_A_7_node_70_802,4289.69,1920.23
house_agg_3_A_8_node_70_803,4286.35,1922.28
house_agg_3_A_1_node_71_804,4575.00,1900.00
house_agg_3_A_2_node_71_805,4574.69,1903.91
house_agg_3_A_3_node_71_806,4573.78,1907.73
house_agg_3_A_4_node_71_807,4572.28,1911.35
house_agg_3_A_5_node_71_808,4570.23,1914.69
house_agg_3_A_6_node_71_809,4567.68,1917.68
house_agg_3_A_7_node_71_810,4564.69,1920.23
house_agg_3_A_8_node_71_811,4561.35,1922.28
house_agg_3_A_9_node_71_812,4557.73,1923.78
house_agg_3_A_10_node_71_813,4553.91,1924.69
house_agg_3_A_11_node_71_814,4550.00,1925.00
house_agg_3_A_12_node_71_815,4546.09,1924.69
house_agg_3_A_13_node_71_816,4542.27,1923.78
house_agg_3_A_14_node_71_817,4538.65,1922.28
house_agg_3_A_15_node_71_818,4535.31,1920.23
house_agg_3_C_1_node_73_819,3825.00,1525.00
house_agg_3_C_2_node_73_820,3825.31,1521.09
house_agg_3_C_3_node_73_821,3826.22,1517.27
house_agg_3_C_4_node_73_822,3827.72,1513.65
house_agg_3_C_5_node_73_823,3829.77,1510.31
house_agg_3_C_6_node_73_824,3832.32,1507.32
house_agg_3_C_7_node_73_825,3835.31,1504.77
house_agg_3_C_8_node_73_826,3838.65,1502.72
house_agg_3_C_9_node_73_827,3842.27,1501.22
house_agg_3_C_10_node_73_828,3846.09,1500.31
house_agg_3_C_11_node_73_829,3850.00,1500.00
house_agg_3_C_12_node_73_830,3853.91,1500.31
house_agg_3_C_13_node_73_831,3857.73,1501.22
house_agg_3_C_14_node_73_832,3861.35,1502.72
house_agg_3_C_15_node_73_833,3864.69,1504.77
house_agg_3_C_1_node_74_834,4175.00,1525.00
house_agg_3_C_2_node_74_835,4175.31,1521.09
house_agg_3_C_3_node_74_836,4176.22,1517.27
house_agg_3_C_4_node_74_837,4177.72,1513.65
house_agg_3_C_5_node_74_838,4179.77,1510.31
house_agg_3_C_6_node_74_839,4182.32,1507.32
house_agg_3_C_7_node_74_840,4185.31,1504.77
house_agg_3_C_8_node_74_841,4188.65,1502.72
house_agg_3_C_9_node_74_842,4192.27,1501.22
house_agg_3_C_10_node_74_843,4196.09,1500.31
house_agg_3_C_11_node_74_844,4200.00,1500.00
house_agg_3_C_12_node_74_845,4203.91,1500.31
house_agg_3_C_13_node_74_846,4207.73,1501.22
house_agg_3_C_14_node_74_847,4211.35,1502.72
house_agg_3_C_15_node_74_848,4214.69,1504.77
house_agg_3_C_1_node_75_849,4575.00,1525.00
house_agg_3_C_2_node_75_850,4575.31,1521.09
house_agg_3_C_3_node_75_851,4576.22,1517.27
house_agg_3_C_4_node_75_852,4577.72,1513.65
house_agg_3_C_5_node_75_853,4579.77,1510.31
house_agg_3_C_6_node_75_854,4582.32,1507.32
house_agg_3_C_7_node_75_855,4585.31,1504.77
house_agg_3_C_8_node_75_856,4588.65,1502.72
house_agg_3_C_9_node_75_857,4592.27,1501.22
house_agg_3_C_10_node_75_858,4596.09,1500.31
house_agg_3_C_11_node_75_859,4600.00,1500.00
house_agg_3_C_12_node_75_860,4603.91,1500.31
house_agg_3_C_13_node_75_861,4607.73,1501.22
house_agg_3_C_14_node_75_862,4611.35,1502.72
house_agg_3_C_15_node_75_863,4614.69,1504.77
house_agg_3_A_1_node_76_864,3500.00,1425.00
house_agg_3_A_2_node_76_865,3499.69,1428.91
house_agg_3_A_3_node_76_866,3498.78,1432.73
house_agg_3_A_4_node_76_867,3497.28,1436.35
house_agg_3_A_5_node_76_868,3495.23,1439.69
house_agg_3_A_6_node_76_869,3492.68,1442.68
house_agg_3_A_7_node_76_870,3489.69,1445.23
house_agg_3_A_8_node_76_871,3486.35,1447.28
house_agg_3_A_9_node_76_872,3482.73,1448.78
house_agg_3_A_10_node_76_873,3478.91,1449.69
house_agg_3_A_11_node_76_874,3475.00,1450.00
house_agg_3_A_12_node_76_875,3471.09,1449.69
house_agg_3_A_13_node_76_876,3467.27,1448.78
house_agg_3_A_14_node_76_877,3463.65,1447.28
house_agg_3_A_15_node_76_878,3460.31,1445.23
house_agg_3_A_16_node_76_879,3457.32,1442.68
house_agg_3_A_17_node_76_880,3454.77,1439.69
house_agg_3_A_18_node_76_881,3452.72,1436.35
house_agg_3_A_19_node_76_882,3451.22,1432.73
house_agg_3_A_20_node_76_883,3450.31,1428.91
house_agg_3_A_21_node_76_884,3450.00,1425.00
house_agg_3_A_22_node_76_885,3450.31,1421.09
house_agg_3_A_23_node_76_886,3451.22,1417.27
house_agg_3_A_24_node_76_887,3452.72,1413.65
house_agg_3_A_25_node_76_888,3454.77,1410.31
house_agg_3_A_26_node_76_889,3457.32,1407.32
house_agg_3_B_1_node_76_890,3575.00,1400.00
house_agg_3_B_2_node_76_891,3578.91,1400.31
house_agg_3_B_3_node_76_892,3582.73,1401.22
house_agg_3_B_4_node_76_893,3586.35,1402.72
house_agg_3_B_5_node_76_894,3589.69,1404.77
house_agg_3_B_6_node_76_895,3592.68,1407.32
house_agg_3_B_7_node_76_896,3595.23,1410.31
house_agg_3_B_8_node_76_897,3597.28,1413.65
house_agg_3_B_9_node_76_898,3598.78,1417.27
house_agg_3_B_10_node_76_899,3599.69,1421.09
house_agg_3_B_11_node_76_900,3600.00,1425.00
house_agg_3_B_12_node_76_901,3599.69,1428.91
house_agg_3_B_13_node_76_902,3598.78,1432.73
house_agg_3_B_14_node_76_903,3597.28,1436.35
house_agg_3_B_15_node_76_904,3595.23,1439.69
house_agg_3_B_16_node_76_905,3592.68,1442.68
house_agg_3_B_17_node_76_906,3589.69,1445.23
house_agg_3_C_1_node_76_907,3550.00,1325.00
house_agg_3_C_2_node_76_908,3550.31,1321.09
house_agg_3_C_3_node_76_909,3551.22,1317.27
house_agg_3_C_4_node_76_910,3552.72,1313.65
house_agg_3_C_5_node_76_911,3554.77,1310.31
house_agg_3_C_6_node_76_912,3557.32,1307.32
house_agg_3_C_7_node_76_913,3560.31,1304.77
house_agg_3_C_8_node_76_914,3563.65,1302.72
house_agg_3_C_9_node_76_915,3567.27,1301.22
house_agg_3_C_10_node_76_916,3571.09,1300.31
house_agg_3_C_11_node_76_917,3575.00,1300.00
house_agg_3_C_12_node_76_918,3578.91,1300.31
house_agg_3_C_13_node_76_919,3582.73,1301.22
house_agg_3_C_14_node_76_920,3586.35,1302.72
house_agg_3_C_15_node_76_921,3589.69,1304.77
house_agg_3_C_16_node_76_922,3592.68,1307.32
house_agg_3_C_17_node_76_923,3595.23,1310.31
house_agg_3_B_1_node_77_924,3975.00,1400.00
house_agg_3_B_2_node_77_925,3978.91,1400.31
house_agg_3_B_3_node_77_926,3982.73,1401.22
house_agg_3_B_4_node_77_927,3986.35,1402.72
house_agg_3_B_5_node_77_928,3989.69,1404.77
house_agg_3_B_6_node_77_929,3992.68,1407.32
house_agg_3_B_7_node_77_930,3995.23,1410.31
house_agg_3_B_8_node_77_931,3997.28,1413.65
house_agg_3_B_9_node_77_932,3998.78,1417.27
house_agg_3_B_10_node_77_933,3999.69,1421.09
house_agg_3_B_11_node_77_934,4000.00,1425.00
house_agg_3_B_12_node_77_935,3999.69,1428.91
house_agg_3_B_13_node_77_936,3998.78,1432.73
house_agg_3_B_14_node_77_937,3997.28,1436.35
house_agg_3_B_15_node_77_938,3995.23,1439.69
house_agg_3_A_1_node_79_939,4225.00,1425.00
house_agg_3_A_2_node_79_940,4224.69,1428.91
house_agg_3_A_3_node_79_941,4223.78,1432.73
house_agg_3_A_4_node_79_942,4222.28,1436.35
house_agg_3_A_5_node_79_943,4220.23,1439.69
house_agg_3_A_6_node_79_944,4217.68,1442.68
house_agg_3_A_7_node_79_945,4214.69,1445.23
house_agg_3_A_8_node_79_946,4211.35,1447.28
house_agg_3_A_9_node_79_947,4207.73,1448.78
house_agg_3_A_10_node_79_948,4203.91,1449.69
house_agg_3_A_11_node_79_949,4200.00,1450.00
house_agg_3_A_12_node_79_950,4196.09,1449.69
house_agg_3_A_13_node_79_951,4192.27,1448.78
house_agg_3_A_14_node_79_952,4188.65,1447.28
house_agg_3_A_15_node_79_953,4185.31,1445.23
house_agg_3_B_1_node_80_954,4075.00,925.00
house_agg_3_B_2_node_80_955,4078.91,925.31
house_agg_3_B_3_node_80_956,4082.73,926.22
house_agg_3_B_4_node_80_957,4086.35,927.72
house_agg_3_B_5_node_80_958,4089.69,929.77
house_agg_3_B_6_node_80_959,4092.68,932.32
house_agg_3_B_7_node_80_960,4095.23,935.31
house_agg_3_B_8_node_80_961,4097.28,938.65
house_agg_3_B_9_node_80_962,4098.78,942.27
house_agg_3_B_10_node_80_963,4099.69,946.09
house_agg_3_B_11_node_80_964,4100.00,950.00
house_agg_3_B_12_node_80_965,4099.69,953.91
house_agg_3_B_13_node_80_966,4098.78,957.73
house_agg_3_B_14_node_80_967,4097.28,961.35
house_agg_3_B_15_node_80_968,4095.23,964.69
house_agg_3_A_1_node_82_969,4000.00,225.00
house_agg_3_A_2_node_82_970,3999.69,228.91
house_agg_3_A_3_node_82_971,3998.78,232.73
house_agg_3_A_4_node_82_972,3997.28,236.35
house_agg_3_A_5_node_82_973,3995.23,239.69
house_agg_3_A_6_node_82_974,3992.68,242.68
house_agg_3_A_7_node_82_975,3989.69,245.23
house_agg_3_A_8_node_82_976,3986.35,247.28
house_agg_3_A_9_node_82_977,3982.73,248.78
house_agg_3_A_10_node_82_978,3978.91,249.69
house_agg_3_A_11_node_82_979,3975.00,250.00
house_agg_3_A_12_node_82_980,3971.09,249.69
house_agg_3_A_13_node_82_981,3967.27,248.78
house_agg_3_A_14_node_82_982,3963.65,247.28
house_agg_3_A_15_node_82_983,3960.31,245.23
house_agg_3_C_1_node_83_984,4300.00,125.00
house_agg_3_C_2_node_83_985,4300.31,121.09
house_agg_3_C_3_node_83_986,4301.22,117.27
house_agg_3_C_4_node_83_987,4302.72,113.65
house_agg_3_C_5_node_83_988,4304.77,110.31
house_agg_3_C_6_node_83_989,4307.32,107.32
house_agg_3_C_7_node_83_990,4310.31,104.77
house_agg_3_C_8_node_83_991,4313.65,102.72
house_agg_3_C_1_node_84_992,4725.00,375.00
house_agg_3_C_2_node_84_993,4725.31,371.09
house_agg_3_C_3_node_84_994,4726.22,367.27
house_agg_3_C_4_node_84_995,4727.72,363.65
house_agg_3_C_5_node_84_996,4729.77,360.31
house_agg_3_C_6_node_84_997,4732.32,357.32
house_agg_3_C_7_node_84_998,4735.31,354.77
house_agg_3_C_8_node_84_999,4738.65,352.72
house_agg_3_C_1_node_85_1000,4725.00,850.00
house_agg_3_C_2_node_85_1001,4725.31,846.09
house_agg_3_C_3_node_85_1002,4726.22,842.27
house_agg_3_C_4_node_85_1003,4727.72,838.65
house_agg_3_C_5_node_85_1004,4729.77,835.31
house_agg_3_C_6_node_85_1005,4732.32,832.32
house_agg_3_C_7_node_85_1006,4735.31,829.77
house_agg_3_C_8_node_85_1007,4738.65,827.72
house_agg_3_C_9_node_85_1008,4742.27,826.22
house_agg_3_C_10_node_85_1009,4746.09,825.31
house_agg_3_C_11_node_85_1010,4750.00,825.00
house_agg_3_C_12_node_85_1011,4753.91,825.31
house_agg_3_C_13_node_85_1012,4757.73,826.22
house_agg_3_C_14_node_85_1013,4761.35,827.72
house_agg_3_C_15_node_85_1014,4764.69,829.77
house_agg_3_B_1_node_86_1015,3305.00,750.00
house_agg_3_B_2_node_86_1016,3308.91,750.31
house_agg_3_B_3_node_86_1017,3312.73,751.22
house_agg_3_B_4_node_86_1018,3316.35,752.72
house_agg_3_B_5_node_86_1019,3319.69,754.77
house_agg_3_B_6_node_86_1020,3322.68,757.32
house_agg_3_B_7_node_86_1021,3325.23,760.31
house_agg_3_B_8_node_86_1022,3327.28,763.65
house_agg_3_B_1_node_87_1023,3100.00,1150.00
house_agg_3_B_2_node_87_1024,3103.91,1150.31
house_agg_3_B_3_node_87_1025,3107.73,1151.22
house_agg_3_B_4_node_87_1026,3111.35,1152.72
house_agg_3_B_5_node_87_1027,3114.69,1154.77
house_agg_3_B_6_node_87_1028,3117.68,1157.32
house_agg_3_B_7_node_87_1029,3120.23,1160.31
house_agg_3_B_8_node_87_1030,3122.28,1163.65
house_agg_3_B_9_node_87_1031,3123.78,1167.27
house_agg_3_B_10_node_87_1032,3124.69,1171.09
house_agg_3_B_11_node_87_1033,3125.00,1175.00
house_agg_3_B_12_node_87_1034,3124.69,1178.91
house_agg_3_B_13_node_87_1035,3123.78,1182.73
house_agg_3_B_14_node_87_1036,3122.28,1186.35
house_agg_3_B_15_node_87_1037,3120.23,1189.69
house_agg_3_A_1_node_88_1038,2925.00,1350.00
house_agg_3_A_2_node_88_1039,2924.69,1353.91
house_agg_3_A_3_node_88_1040,2923.78,1357.73
house_agg_3_A_4_node_88_1041,2922.28,1361.35
house_agg_3_A_5_node_88_1042,2920.23,1364.69
house_agg_3_A_6_node_88_1043,2917.68,1367.68
house_agg_3_A_7_node_88_1044,2914.69,1370.23
house_agg_3_A_8_node_88_1045,2911.35,1372.28
house_agg_3_A_9_node_88_1046,2907.73,1373.78
house_agg_3_A_10_node_88_1047,2903.91,1374.69
house_agg_3_A_11_node_88_1048,2900.00,1375.00
house_agg_3_A_12_node_88_1049,2896.09,1374.69
house_agg_3_A_13_node_88_1050,2892.27,1373.78
house_agg_3_A_14_node_88_1051,2888.65,1372.28
house_agg_3_A_15_node_88_1052,2885.31,1370.23
house_agg_3_B_1_node_90_1053,2825.00,925.00
house_agg_3_B_2_node_90_1054,2828.91,925.31
house_agg_3_B_3_node_90_1055,2832.73,926.22
house_agg_3_B_4_node_90_1056,2836.35,927.72
house_agg_3_B_5_node_90_1057,2839.69,929.77
house_agg_3_B_6_node_90_1058,2842.68,932.32
house_agg_3_B_7_node_90_1059,2845.23,935.31
house_agg_3_B_8_node_90_1060,2847.28,938.65
house_agg_3_B_9_node_90_1061,2848.78,942.27
house_agg_3_B_10_node_90_1062,2849.69,946.09
house_agg_3_B_11_node_90_1063,2850.00,950.00
house_agg_3_B_12_node_90_1064,2849.69,953.91
house_agg_3_B_13_node_90_1065,2848.78,957.73
house_agg_3_B_14_node_90_1066,2847.28,961.35
house_agg_3_B_15_node_90_1067,2845.23,964.69
house_agg_3_C_1_node_92_1068,2575.00,775.00
house_agg_3_C_2_node_92_1069,2575.31,771.09
house_agg_3_C_3_node_92_1070,2576.22,767.27
house_agg_3_C_4_node_92_1071,2577.72,763.65
house_agg_3_C_5_node_92_1072,2579.77,760.31
house_agg_3_C_6_node_92_1073,2582.32,757.32
house_agg_3_C_7_node_92_1074,2585.31,754.77
house_agg_3_C_8_node_92_1075,2588.65,752.72
house_agg_3_C_9_node_92_1076,2592.27,751.22
house_agg_3_C_10_node_92_1077,2596.09,750.31
house_agg_3_C_11_node_92_1078,2600.00,750.00
house_agg_3_C_12_node_92_1079,2603.91,750.31
house_agg_3_C_13_node_92_1080,2607.73,751.22
house_agg_3_C_14_node_92_1081,2611.35,752.72
house_agg_3_C_15_node_92_1082,2614.69,754.77
house_agg_3_A_1_node_94_1083,2300.00,900.00
house_agg_3_A_2_node_94_1084,2299.69,903.91
house_agg_3_A_3_node_94_1085,2298.78,907.73
house_agg_3_A_4_node_94_1086,2297.28,911.35
house_agg_3_A_5_node_94_1087,2295.23,914.69
house_agg_3_A_6_node_94_1088,2292.68,917.68
house_agg_3_A_7_node_94_1089,2289.69,920.23
house_agg_3_A_8_node_94_1090,2286.35,922.28
house_agg_3_A_9_node_94_1091,2282.73,923.78
house_agg_3_A_10_node_94_1092,2278.91,924.69
house_agg_3_A_11_node_94_1093,2275.00,925.00
house_agg_3_A_12_node_94_1094,2271.09,924.69
house_agg_3_A_13_node_94_1095,2267.27,923.78
house_agg_3_A_14_node_94_1096,2263.65,922.28
house_agg_3_A_15_node_94_1097,2260.31,920.23
house_agg_3_B_1_node_95_1098,2075.00,1150.00
house_agg_3_B_2_node_95_1099,2078.91,1150.31
house_agg_3_B_3_node_95_1100,2082.73,1151.22
house_agg_3_B_4_node_95_1101,2086.35,1152.72
house_agg_3_B_5_node_95_1102,2089.69,1154.77
house_agg_3_B_6_node_95_1103,2092.68,1157.32
house_agg_3_B_7_node_95_1104,2095.23,1160.31
house_agg_3_B_8_node_95_1105,2097.28,1163.65
house_agg_3_B_1_node_96_1106,2075.00,950.00
house_agg_3_B_2_node_96_1107,2078.91,950.31
house_agg_3_B_3_node_96_1108,2082.73,951.22
house_agg_3_B_4_node_96_1109,2086.35,952.72
house_agg_3_B_5_node_96_1110,2089.69,954.77
house_agg_3_B_6_node_96_1111,2092.68,957.32
house_agg_3_B_7_node_96_1112,2095.23,960.31
house_agg_3_B_8_node_96_1113,2097.28,963.65
house_agg_3_A_1_node_98_1114,3775.00,2150.00
house_agg_3_A_2_node_98_1115,3774.69,2153.91
house_agg_3_A_3_node_98_1116,3773.78,2157.73
house_agg_3_A_4_node_98_1117,3772.28,2161.35
house_agg_3_A_5_node_98_1118,3770.23,2164.69
house_agg_3_A_6_node_98_1119,3767.68,2167.68
house_agg_3_A_7_node_98_1120,3764.69,2170.23
house_agg_3_A_8_node_98_1121,3761.35,2172.28
house_agg_3_A_9_node_98_1122,3757.73,2173.78
house_agg_3_A_10_node_98_1123,3753.91,2174.69
house_agg_3_A_11_node_98_1124,3750.00,2175.00
house_agg_3_A_12_node_98_1125,3746.09,2174.69
house_agg_3_A_13_node_98_1126,3742.27,2173.78
house_agg_3_A_14_node_98_1127,3738.65,2172.28
house_agg_3_A_15_node_98_1128,3735.31,2170.23
house_agg_3_B_1_node_99_1129,4400.00,2125.00
house_agg_3_B_2_node_99_1130,4403.91,2125.31
house_agg_3_B_3_node_99_1131,4407.73,2126.22
house_agg_3_B_4_node_99_1132,4411.35,2127.72
house_agg_3_B_5_node_99_1133,4414.69,2129.77
house_agg_3_B_6_node_99_1134,4417.68,2132.32
house_agg_3_B_7_node_99_1135,4420.23,2135.31
house_agg_3_B_8_node_99_1136,4422.28,2138.65
house_agg_3_B_9_node_99_1137,4423.78,2142.27
house_agg_3_B_10_node_99_1138,4424.69,2146.09
house_agg_3_B_11_node_99_1139,4425.00,2150.00
house_agg_3_B_12_node_99_1140,4424.69,2153.91
house_agg_3_B_13_node_99_1141,4423.78,2157.73
house_agg_3_B_14_node_99_1142,4422.28,2161.35
house_agg_3_B_15_node_99_1143,4420.23,2164.69
house_agg_3_C_1_node_100_1144,4675.00,2050.00
house_agg_3_C_2_node_100_1145,4675.31,2046.09
house_agg_3_C_3_node_100_1146,4676.22,2042.27
house_agg_3_C_4_node_100_1147,4677.72,2038.65
house_agg_3_C_5_node_100_1148,4679.77,2035.31
house_agg_3_C_6_node_100_1149,4682.32,2032.32
house_agg_3_C_7_node_100_1150,4685.31,2029.77
house_agg_3_C_8_node_100_1151,4688.65,2027.72
house_agg_3_C_9_node_100_1152,4692.27,2026.22
house_agg_3_C_10_node_100_1153,4696.09,2025.31
house_agg_3_C_11_node_100_1154,4700.00,2025.00
house_agg_3_C_12_node_100_1155,4703.91,2025.31
house_agg_3_C_13_node_100_1156,4707.73,2026.22
house_agg_3_C_14_node_100_1157,4711.35,2027.72
house_agg_3_C_15_node_100_1158,4714.69,2029.77
house_agg_3_C_1_node_102_1159,3775.00,2400.00
house_agg_3_C_2_node_102_1160,3775.31,2396.09
house_agg_3_C_3_node_102_1161,3776.22,2392.27
house_agg_3_C_4_node_102_1162,3777.72,2388.65
house_agg_3_C_5_node_102_1163,3779.77,2385.31
house_agg_3_C_6_node_102_1164,3782.32,2382.32
house_agg_3_C_7_node_102_1165,3785.31,2379.77
house_agg_3_C_8_node_102_1166,3788.65,2377.72
house_agg_3_C_1_node_103_1167,4100.00,2400.00
house_agg_3_C_2_node_103_1168,4100.31,2396.09
house_agg_3_C_3_node_103_1169,4101.22,2392.27
house_agg_3_C_4_node_103_1170,4102.72,2388.65
house_agg_3_C_5_node_103_1171,4104.77,2385.31
house_agg_3_C_6_node_103_1172,4107.32,2382.32
house_agg_3_C_7_node_103_1173,4110.31,2379.77
house_agg_3_C_8_node_103_1174,4113.65,2377.72
house_agg_3_C_9_node_103_1175,4117.27,2376.22
house_agg_3_C_10_node_103_1176,4121.09,2375.31
house_agg_3_C_11_node_103_1177,4125.00,2375.00
house_agg_3_C_12_node_103_1178,4128.91,2375.31
house_agg_3_C_13_node_103_1179,4132.73,2376.22
house_agg_3_C_14_node_103_1180,4136.35,2377.72
house_agg_3_C_15_node_103_1181,4139.69,2379.77
house_agg_3_C_1_node_104_1182,4800.00,2400.00
house_agg_3_C_2_node_104_1183,4800.31,2396.09
house_agg_3_C_3_node_104_1184,4801.22,2392.27
house_agg_3_C_4_node_104_1185,4802.72,2388.65
house_agg_3_C_5_node_104_1186,4804.77,2385.31
house_agg_3_C_6_node_104_1187,4807.32,2382.32
house_agg_3_C_7_node_104_1188,4810.31,2379.77
house_agg_3_C_8_node_104_1189,4813.65,2377.72
house_agg_3_C_9_node_104_1190,4817.27,2376.22
house_agg_3_C_10_node_104_1191,4821.09,2375.31
house_agg_3_C_11_node_104_1192,4825.00,2375.00
house_agg_3_C_12_node_104_1193,4828.91,2375.31
house_agg_3_C_13_node_104_1194,4832.73,2376.22
house_agg_3_C_14_node_104_1195,4836.35,2377.72
house_agg_3_C_15_node_104_1196,4839.69,2379.77
house_agg_3_B_1_node_106_1197,3800.00,2750.00
house_agg_3_B_2_node_106_1198,3803.91,2750.31
house_agg_3_B_3_node_106_1199,3807.73,2751.22
house_agg_3_B_4_node_106_1200,3811.35,2752.72
house_agg_3_B_5_node_106_1201,3814.69,2754.77
house_agg_3_B_6_node_106_1202,3817.68,2757.32
house_agg_3_B_7_node_106_1203,3820.23,2760.31
house_agg_3_B_8_node_106_1204,3822.28,2763.65
house_agg_3_B_9_node_106_1205,3823.78,2767.27
house_agg_3_B_10_node_106_1206,3824.69,2771.09
house_agg_3_B_11_node_106_1207,3825.00,2775.00
house_agg_3_B_12_node_106_1208,3824.69,2778.91
house_agg_3_B_13_node_106_1209,3823.78,2782.73
house_agg_3_B_14_node_106_1210,3822.28,2786.35
house_agg_3_B_15_node_106_1211,3820.23,2789.69
house_agg_3_B_1_node_107_1212,4375.00,2750.00
house_agg_3_B_2_node_107_1213,4378.91,2750.31
house_agg_3_B_3_node_107_1214,4382.73,2751.22
house_agg_3_B_4_node_107_1215,4386.35,2752.72
house_agg_3_B_5_node_107_1216,4389.69,2754.77
house_agg_3_B_6_node_107_1217,4392.68,2757.32
house_agg_3_B_7_node_107_1218,4395.23,2760.31
house_agg_3_B_8_node_107_1219,4397.28,2763.65
house_agg_3_B_9_node_107_1220,4398.78,2767.27
house_agg_3_B_10_node_107_1221,4399.69,2771.09
house_agg_3_B_11_node_107_1222,4400.00,2775.00
house_agg_3_B_12_node_107_1223,4399.69,2778.91
house_agg_3_B_13_node_107_1224,4398.78,2782.73
house_agg_3_B_14_node_107_1225,4397.28,2786.35
house_agg_3_B_15_node_107_1226,4395.23,2789.69
house_agg_3_A_1_node_109_1227,3950.00,3100.00
house_agg_3_A_2_node_109_1228,3949.69,3103.91
house_agg_3_A_3_node_109_1229,3948.78,3107.73
house_agg_3_A_4_node_109_1230,3947.28,3111.35
house_agg_3_A_5_node_109_1231,3945.23,3114.69
house_agg_3_A_6_node_109_1232,3942.68,3117.68
house_agg_3_A_7_node_109_1233,3939.69,3120.23
house_agg_3_A_8_node_109_1234,3936.35,3122.28
house_agg_3_A_9_node_109_1235,3932.73,3123.78
house_agg_3_A_10_node_109_1236,3928.91,3124.69
house_agg_3_A_11_node_109_1237,3925.00,3125.00
house_agg_3_A_12_node_109_1238,3921.09,3124.69
house_agg_3_A_13_node_109_1239,3917.27,3123.78
house_agg_3_A_14_node_109_1240,3913.65,3122.28
house_agg_3_A_15_node_109_1241,3910.31,3120.23
house_agg_3_A_1_node_111_1242,4250.00,3675.00
house_agg_3_A_2_node_111_1243,4249.69,3678.91
house_agg_3_A_3_node_111_1244,4248.78,3682.73
house_agg_3_A_4_node_111_1245,4247.28,3686.35
house_agg_3_A_5_node_111_1246,4245.23,3689.69
house_agg_3_A_6_node_111_1247,4242.68,3692.68
house_agg_3_A_7_node_111_1248,4239.69,3695.23
house_agg_3_A_8_node_111_1249,4236.35,3697.28
house_agg_3_A_1_node_112_1250,4250.00,2975.00
house_agg_3_A_2_node_112_1251,4249.69,2978.91
house_agg_3_A_3_node_112_1252,4248.78,2982.73
house_agg_3_A_4_node_112_1253,4247.28,2986.35
house_agg_3_A_5_node_112_1254,4245.23,2989.69
house_agg_3_A_6_node_112_1255,4242.68,2992.68
house_agg_3_A_7_node_112_1256,4239.69,2995.23
house_agg_3_A_8_node_112_1257,4236.35,2997.28
house_agg_3_A_1_node_113_1258,4775.00,2975.00
house_agg_3_A_2_node_113_1259,4774.69,2978.91
house_agg_3_A_3_node_113_1260,4773.78,2982.73
house_agg_3_A_4_node_113_1261,4772.28,2986.35
house_agg_3_A_5_node_113_1262,4770.23,2989.69
house_agg_3_A_6_node_113_1263,4767.68,2992.68
house_agg_3_A_7_node_113_1264,4764.69,2995.23
house_agg_3_A_8_node_113_1265,4761.35,2997.28
house_agg_3_A_9_node_113_1266,4757.73,2998.78
house_agg_3_A_10_node_113_1267,4753.91,2999.69
house_agg_3_A_11_node_113_1268,4750.00,3000.00
house_agg_3_A_12_node_113_1269,4746.09,2999.69
house_agg_3_A_13_node_113_1270,4742.27,2998.78
house_agg_3_A_14_node_113_1271,4738.65,2997.28
house_agg_3_A_15_node_113_1272,4735.31,2995.23
house_agg_3_A_1_node_114_1273,5100.00,2975.00
house_agg_3_A_2_node_114_1274,5099.69,2978.91
house_agg_3_A_3_node_114_1275,5098.78,2982.73
house_agg_3_A_4_node_114_1276,5097.28,2986.35
house_agg_3_A_5_node_114_1277,5095.23,2989.69
house_agg_3_A_6_node_114_1278,5092.68,2992.68
house_agg_3_A_7_node_114_1279,5089.69,2995.23
house_agg_3_A_8_node_114_1280,5086.35,2997.28
